{
  "generated_at_utc": "2025-10-08T22:20:39.370019+00:00",
  "width": 43199,
  "height": 16755,
  "crs": "GEOGCS[\"WGS 84\",DATUM[\"World Geodetic System 1984\",SPHEROID[\"WGS 84\",6378137,298.257223563]],PRIMEM[\"Greenwich\",0],UNIT[\"degree\",0.0174532925199433,AUTHORITY[\"EPSG\",\"9122\"]],AXIS[\"Latitude\",NORTH],AXIS[\"Longitude\",EAST]]",
  "transform": [
    0.0083333333,
    0.0,
    -180.0012493,
    0.0,
    -0.0083333333,
    83.6329165016827,
    0.0,
    0.0,
    1.0
  ],
  "stats": {
    "sum": 7794624906.097807,
    "min": 0.0,
    "max": 616722.125,
    "valid_count": 220292407,
    "nodata_count": 503506838,
    "nodata": -99999.0
  }
}
