{
  "ARB": 6282.43802445082,
  "CSS": 18504.2321838281,
  "CEB": 16859.840628506,
  "EAR": 3971.40382511898,
  "EAS": 13212.1623897894,
  "EAP": 10128.0902648305,
  "TEA": 10242.1535214691,
  "ECS": 25871.1913584493,
  "ECA": 8530.85449518062,
  "TEC": 10389.2661401191,
  "FCS": 1681.46853671689,
  "": 10318.5318092655,
  "LTE": 11905.5706856949,
  "TLA": 9119.05415999872,
  "TMN": 3020.72520095915,
  "OSS": 12510.4832986018,
  "PSS": 3910.13844829013,
  "PST": 46504.4937727345,
  "PRE": 1450.51990979225,
  "SST": 12702.5674865628,
  "SAS": 2355.07262539823,
  "TSA": 2355.07262539823,
  "TSS": 1600.92073352741,
  "WLD": 11876.3768494399
}
