metric,prior_value,current_value,delta_value,unit,plot_order
Pressure flows,18319745.0,18554942.0,235197.0,count,1
Case-open rate,0.09621225622954904,0.09593298647875051,-0.0002792697507985331,rate,2
Long-lifecycle burden,0.7960908529749504,0.7964378148470448,0.0003469618720943757,rate,3
Authoritative truth quality,0.19858854953863192,0.19893529944141422,0.00034674990278230067,rate,4
