amount_band,flow_rows,flow_share,case_open_rate,case_truth_rate,prior_case_open_rate,prior_case_truth_rate,case_open_rate_delta,case_truth_rate_delta,priority_rank,priority_attention_flag
50_plus,8296161.0,0.10196788044601282,0.10824597063629793,0.18105043729246145,0.10821599201232986,0.18058686578330807,2.9978623968071605e-05,0.0004635715091533821,1,1
25_to_50,16562525.0,0.20356952680692894,0.09528184863117188,0.2002372461200374,0.09524288079276984,0.20066488495795806,3.89678384020431e-05,-0.0004276388379206575,2,0
10_to_25,26861523.0,0.33015422023051666,0.09488810444590204,0.20126849910880992,0.09480631810734608,0.20131073389473356,8.17863385559614e-05,-4.223478592363383e-05,3,0
under_10,29640323.0,0.3643083725165416,0.0948109101240226,0.20094682776403036,0.09481753579020216,0.20104301216441336,-6.625666179566059e-06,-9.618440038300369e-05,4,0
