week_role,flow_rows,entry_event_rows,case_opened_rows,corrected_flow_conversion_rate,discrepant_conversion_rate,absolute_gap,rate_ratio
current,18554942.0,37109884.0,1780031.0,0.09593298647875051,0.047966493239375255,0.047966493239375255,2.0
prior,18319745.0,36639490.0,1762584.0,0.09621225622954904,0.04810612811477452,0.04810612811477452,2.0
