{
  "beta_len": 298,
  "beta_mu_len": 293,
  "beta_phi_len": 294,
  "dict_mcc_len": 290,
  "dispersion_sha256": "6d5534cd446152cae8c95ba77b18cc6ff57e9523da91815bd86c8cf576adb2ed",
  "hurdle_sha256": "05ca44caec860edfe4c68929859d5cbf5cdcad9600071b144c1ab9cdac6e15fc",
  "max_infl": 1.1746813827202616,
  "max_p_rej": 0.14870533004936556,
  "mean_pi": 0.11842001953354615,
  "median_mu_over_phi": 3.1756493506875594,
  "median_phi": 8.645020979342782,
  "q90_mu": 39.99999999990274,
  "rho_hat": 0.0045208941346672376,
  "status": "PASS"
}