model_name,evaluation_split,mae,rmse,mape
weekday_mean,validation,188.08730158730157,220.7300748513386,0.046734595539722576
rolling_mean_7d,validation,245.63883042040413,298.77246382515045,0.05912869996880378
seasonal_naive_7d,validation,336.6190476190475,379.41224685192293,0.08220902537510046
weekday_mean,test,321.79999999999995,447.07172457515196,0.07305670808691495
