split,rows,positives,positive_rate,roc_auc,average_precision,high_threshold,medium_threshold
validation,691122,18841,0.027261467584594325,0.6268087141250516,0.046012771976406554,0.00013561118583799668,2.6635427320198823e-05
test,691122,18888,0.027329472943995417,0.6284089495875346,0.046099075395206565,0.00013561118583799668,2.6635427320198823e-05
