split_role,flow_rows,high_band_rows,medium_band_rows,fraud_truth_rate,case_open_rate
test,691122,37250,105550,0.027329472943995417,0.10655716356880551
validation,691122,34557,103668,0.027261467584594325,0.10513628563408486
