pathway_stage,flow_rows,fraud_truth_rate,avg_lifecycle_hours
opened_only,54553,0.002328011291771305,451.27534691034407
chargeback_decision,10494,0.9582618639222413,1514.5274442538594
customer_dispute,5589,0.6657720522454822,912.4585793522991
detection_event_attached,3008,0.15425531914893617,543.1512632978723
