risk_band,flow_rows,fraud_truth_rate,avg_score
High,37250,0.06319463087248323,0.18457841773092273
Medium,105550,0.05203221222169588,5.269737007306537e-05
Low,548322,0.020137802240289465,1.261457708923233e-05
