case_count,avg_case_event_count,p50_case_event_count,p95_case_event_count,p50_duration_days,p75_duration_days,p95_duration_days
22752610,2.627203648284746,2.0,6.0,22.791666666666668,37.958333333333336,75.95833333333333
