{
  "outlet_count_quantiles": {
    "min": 2,
    "median": 16.0,
    "p90": 36.0,
    "p99": 160.96999999999775,
    "max": 2546
  },
  "gini_outlet_count": 0.5325995086955126,
  "home_legal_mismatch_overall": 0.38586556611319067,
  "legal_country_quantiles": {
    "min": 1,
    "median": 1.0,
    "p90": 5.0,
    "max": 11
  },
  "single_vs_multi_counts": {
    "true": 1238,
    "false": 0
  },
  "candidate_membership": {
    "candidate_all_median": 38.0,
    "candidate_foreign_median": 37.0,
    "membership_median": 0.0,
    "membership_share": 0.46365105008077545,
    "corr": 0.14263136919226305
  },
  "dup_pair_rate": {
    "mean": 0.21372379206321548,
    "p90": 0.75,
    "share_with_dups": 0.3739903069466882
  }
}