amount_band,flow_rows,case_linked_rows,case_opened_rows,raw_case_event_rows_on_linked_flows,truth_rows,avg_case_event_rows_when_linked
50_plus,8296161,898026.0,898026.0,2307184.0,213647.0,2.5691728301853174
under_10,29640323,2810226.0,2810226.0,7402673.0,741786.0,2.6341913426179957
25_to_50,16562525,1578108.0,1578108.0,4155203.0,415336.0,2.6330282845027084
10_to_25,26861523,2548839.0,2548839.0,6716849.0,673535.0,2.6352582489517777
__overall__,81360532,7835199.0,7835199.0,20581909.0,2044304.0,2.6268521067556803
