amount_band,flow_rows,case_opened_rows,case_open_rate,case_truth_rows,case_truth_rate
50_plus,8296161.0,898026.0,0.10824597063629793,162588.0,0.18105043729246145
25_to_50,16562525.0,1578108.0,0.09528184863117188,315996.0,0.2002372461200374
10_to_25,26861523.0,2548839.0,0.09488810444590204,513001.0,0.20126849910880992
under_10,29640323.0,2810226.0,0.0948109101240226,564706.0,0.20094682776403036
__overall__,81360532.0,7835199.0,0.0963022095283251,1556291.0,0.19862813950226407
