{
  "beta_len": 298,
  "beta_mu_len": 293,
  "beta_phi_len": 294,
  "dict_mcc_len": 290,
  "dispersion_sha256": "a5f2ba9f12dddc5409c80a71dd7701674cbfc3a7261590dfd3b465babeee55fd",
  "hurdle_sha256": "c3dec83cb0776ceda7c11608b303e8234e0eec4505dcb5ab747906eff88e6cbf",
  "max_infl": 1.1757003748063612,
  "max_p_rej": 0.14944315624233703,
  "mean_pi": 0.15864002332868327,
  "median_mu_over_phi": 1.063823195833261,
  "median_phi": 12.625859451179092,
  "q90_mu": 25.977052678496126,
  "rho_hat": 0.001841944034040172,
  "status": "PASS"
}