{
  "beta_stats": {
    "min": -6.86544681845988,
    "p01": -1.807629547197782,
    "p05": -0.9233534043489965,
    "p50": 0.0865471683781359,
    "p95": 1.0263795169491137,
    "p99": 1.6214742304360994,
    "max": 1.7896311722781808,
    "mean": -0.015296325647506742,
    "std": 0.8806675863540263
  },
  "beta_mu_stats": {
    "min": -0.8284079013311637,
    "p01": -0.5796776350253187,
    "p05": -0.43999191493850026,
    "p50": 0.005973853317106811,
    "p95": 0.4889984212130945,
    "p99": 0.6811546824144205,
    "max": 1.7814957339620379,
    "mean": 0.013445065193462799,
    "std": 0.29373225905714895
  },
  "beta_phi_stats": {
    "min": 0.0,
    "p01": 8.620069676268992e-06,
    "p05": 0.005750743486763033,
    "p50": 0.005758038981797043,
    "p95": 0.005768023274110167,
    "p99": 0.063218766826603,
    "max": 1.6526973503532505,
    "mean": 0.01686429021829948,
    "std": 0.11697745367244775
  },
  "implied_pi_stats": {
    "min": 8.79953837185469e-05,
    "p01": 0.019119226974703505,
    "p05": 0.044823509038461724,
    "p50": 0.14213722614536795,
    "p95": 0.3479739959622778,
    "p99": 0.47043514575716444,
    "max": 0.6797199376200879,
    "mean": 0.1609001139576262,
    "std": 0.09585885959122886
  },
  "implied_phi_stats": {
    "min": 11.930739920966682,
    "p01": 11.999449623217117,
    "p05": 11.999645566413063,
    "p50": 11.999972277958921,
    "p95": 12.000155370849903,
    "p99": 12.000224712331056,
    "max": 12.000413601199888,
    "mean": 11.999363197211801,
    "std": 0.006361434056315724
  },
  "implied_phi_reference_stats": {
    "min": 4.538307256500192,
    "p01": 6.713985586379032,
    "p05": 8.017173942922222,
    "p50": 11.999972277958921,
    "p95": 18.065447958299867,
    "p99": 21.59198792343404,
    "max": 28.98424751795151,
    "mean": 12.380120859029937,
    "std": 3.125848219333834
  },
  "prej_actual_stats": {
    "min": 1.2799513516596183e-05,
    "p01": 3.738521947202525e-05,
    "p05": 0.00016249063621221474,
    "p50": 0.0029916004845917514,
    "p95": 0.021906040079061134,
    "p99": 0.04265628380688062,
    "max": 0.12670541366003724,
    "mean": 0.0064935986620887004,
    "std": 0.00954814715976754
  },
  "prej_reference_stats": {
    "min": 5.4763810978762e-07,
    "p01": 5.398763261323306e-06,
    "p05": 5.788077139821648e-05,
    "p50": 0.0032095594954783297,
    "p95": 0.030290419019603842,
    "p99": 0.05844433045109716,
    "max": 0.14531324938003315,
    "mean": 0.007702797446539392,
    "std": 0.012175979385832241
  },
  "phi_cv_actual": 0.0005301476379841458,
  "phi_cv_reference": 0.25248931370923344,
  "phi_p95_p05_actual": 1.0000424849579113,
  "phi_p95_p05_reference": 2.2533436453937155,
  "reference_profile": {
    "type": "illustrative_counterfactual",
    "eta_components": {
      "mcc_z_weight": 0.2,
      "channel_z_weight": 0.1,
      "lngdp_z_weight": 0.1
    },
    "median_anchor": 11.999972277958921
  }
}